[
    {
        "question": "\ndef words_string(s):\n    \"\"\"\n    You will be given a string of words separated by commas or spaces. Your task is\n    to split the string into words and return an array of the words.\n    \n    For example:\n    words_string(\"Hi, my name is John\") == [\"Hi\", \"my\", \"name\", \"is\", \"John\"]\n    words_string(\"One, two, three, four, five, six\") == [\"One\", \"two\", \"three\", \"four\", \"five\", \"six\"]\n    \"\"\"\n",
        "right_answer": "Error: .\n Solution: import re\ndef words_string(s):\n    \"\"\"\n    You will be given a string of words separated by commas or spaces. Your task is\n    to split the string into words and return an array of the words.\n    \n    For example:\n    words_string(\"Hi, my name is John\") == [\"Hi\", \"my\", \"name\", \"is\", \"John\"]\n    words_string(\"One, two, three, four, five, six\") == [\"One\", \"two\", \"three\", \"four\", \"five\", \"six\"]\n    \"\"\"\n    # Use regular expression to split by commas or spaces\n    words = re.split(r'[,\\s]+', s.strip())\n    return words.\n Test: def check(candidate):\n\n    # Check some simple cases\n    assert True, \"This prints if this assert fails 1 (good for debugging!)\"\n    assert candidate(\"Hi, my name is John\") == [\"Hi\", \"my\", \"name\", \"is\", \"John\"]\n    assert candidate(\"One, two, three, four, five, six\") == [\"One\", \"two\", \"three\", \"four\", \"five\", \"six\"]\n    assert candidate(\"Hi, my name\") == [\"Hi\", \"my\", \"name\"]\n    assert candidate(\"One,, two, three, four, five, six,\") == [\"One\", \"two\", \"three\", \"four\", \"five\", \"six\"]\n\n    # Check some edge cases that are easy to work out by hand.\n    assert True, \"This prints if this assert fails 2 (also good for debugging!)\"\n    assert candidate(\"\") == []\n    assert candidate(\"ahmed     , gamal\") == [\"ahmed\", \"gamal\"]\n\n\nCorrect Solution:\ndef words_string(params you should put here):\n\n    if not s:\n        return []\n\n    s_list = []\n\n    for letter in s:\n        if letter == ',':\n            s_list.append(' ')\n        else:\n            s_list.append(letter)\n\n    s_list = \"\".join(s_list)\n    return s_list.split()\n",
        "model_output": "import re\ndef words_string(s):\n    \"\"\"\n    You will be given a string of words separated by commas or spaces. Your task is\n    to split the string into words and return an array of the words.\n    \n    For example:\n    words_string(\"Hi, my name is John\") == [\"Hi\", \"my\", \"name\", \"is\", \"John\"]\n    words_string(\"One, two, three, four, five, six\") == [\"One\", \"two\", \"three\", \"four\", \"five\", \"six\"]\n    \"\"\"\n    # Use regular expression to split by commas or spaces\n    words = re.split(r'[,\\s]+', s.strip())\n    return words",
        "extracted_output": 0.0,
        "extract_answer_code": "None"
    },
    {
        "question": "\ndef order_by_points(nums):\n    \"\"\"\n    Write a function which sorts the given list of integers\n    in ascending order according to the sum of their digits.\n    Note: if there are several items with similar sum of their digits,\n    order them based on their index in original list.\n\n    For example:\n    >>> order_by_points([1, 11, -1, -11, -12]) == [-1, -11, 1, -12, 11]\n    >>> order_by_points([]) == []\n    \"\"\"\n",
        "right_answer": "Error: .\n Solution: def sum_of_digits(n):\n    \"\"\"\n    Calculate the sum of the digits of an integer n.\n    This function handles both positive and negative integers.\n    \"\"\"\n    # Use absolute value to ignore the sign for digit sum calculation\n    return sum(int(digit) for digit in str(abs(n)))\ndef order_by_points(nums):\n    \"\"\"\n    Sort the given list of integers in ascending order according to the sum of their digits.\n    If there are several items with similar sum of their digits, order them based on their index\n    in the original list.\n    \n    Args:\n    nums (list of int): The list of integers to sort.\n    \n    Returns:\n    list of int: The sorted list of integers.\n    \n    Examples:\n    >>> order_by_points([1, 11, -1, -11, -12])\n    [-1, -11, 1, -12, 11]\n    >>> order_by_points([])\n    []\n    \"\"\"\n    # Use the sorted function with a custom key\n    # The key is a tuple: (sum of digits, original index)\n    return sorted(nums, key=lambda x: (sum_of_digits(x), nums.index(x))).\n Test: def check(candidate):\n\n    # Check some simple cases\n    assert candidate([1, 11, -1, -11, -12]) == [-1, -11, 1, -12, 11]\n    assert candidate([1234,423,463,145,2,423,423,53,6,37,3457,3,56,0,46]) == [0, 2, 3, 6, 53, 423, 423, 423, 1234, 145, 37, 46, 56, 463, 3457]\n    assert candidate([]) == []\n    assert candidate([1, -11, -32, 43, 54, -98, 2, -3]) == [-3, -32, -98, -11, 1, 2, 43, 54]\n    assert candidate([1,2,3,4,5,6,7,8,9,10,11]) == [1, 10, 2, 11, 3, 4, 5, 6, 7, 8, 9]\n    assert candidate([0,6,6,-76,-21,23,4]) == [-76, -21, 0, 4, 23, 6, 6]\n\n    # Check some edge cases that are easy to work out by hand.\n    assert True, \"This prints if this assert fails 2 (also good for debugging!)\"\n\n\nCorrect Solution:\ndef order_by_points(params you should put here):\n\n    def digits_sum(n):\n        neg = 1\n        if n < 0: n, neg = -1 * n, -1 \n        n = [int(i) for i in str(n)]\n        n[0] = n[0] * neg\n        return sum(n)\n    return sorted(nums, key=digits_sum)\n",
        "model_output": "def sum_of_digits(n):\n    \"\"\"\n    Calculate the sum of the digits of an integer n.\n    This function handles both positive and negative integers.\n    \"\"\"\n    # Use absolute value to ignore the sign for digit sum calculation\n    return sum(int(digit) for digit in str(abs(n)))\ndef order_by_points(nums):\n    \"\"\"\n    Sort the given list of integers in ascending order according to the sum of their digits.\n    If there are several items with similar sum of their digits, order them based on their index\n    in the original list.\n    \n    Args:\n    nums (list of int): The list of integers to sort.\n    \n    Returns:\n    list of int: The sorted list of integers.\n    \n    Examples:\n    >>> order_by_points([1, 11, -1, -11, -12])\n    [-1, -11, 1, -12, 11]\n    >>> order_by_points([])\n    []\n    \"\"\"\n    # Use the sorted function with a custom key\n    # The key is a tuple: (sum of digits, original index)\n    return sorted(nums, key=lambda x: (sum_of_digits(x), nums.index(x)))",
        "extracted_output": 0.0,
        "extract_answer_code": "None"
    },
    {
        "question": "\ndef is_nested(string):\n    '''\n    Create a function that takes a string as input which contains only square brackets.\n    The function should return True if and only if there is a valid subsequence of brackets \n    where at least one bracket in the subsequence is nested.\n\n    is_nested('[[]]') ➞ True\n    is_nested('[]]]]]]][[[[[]') ➞ False\n    is_nested('[][]') ➞ False\n    is_nested('[]') ➞ False\n    is_nested('[[][]]') ➞ True\n    is_nested('[[]][[') ➞ True\n    '''\n",
        "right_answer": "Error: .\n Solution: def is_nested(string):\n    depth = 0\n    found_nested = False\n    \n    for char in string:\n        if char == '[':\n            depth += 1\n            if depth > 1:\n                found_nested = True\n        elif char == ']':\n            depth -= 1\n            if depth < 0:\n                return False\n    \n    return found_nested.\n Test: def check(candidate):\n\n    # Check some simple cases\n    assert candidate('[[]]') == True, \"This prints if this assert fails 1 (good for debugging!)\"\n    assert candidate('[]]]]]]][[[[[]') == False\n    assert candidate('[][]') == False\n    assert candidate(('[]')) == False\n    assert candidate('[[[[]]]]') == True\n    assert candidate('[]]]]]]]]]]') == False\n    assert candidate('[][][[]]') == True\n    assert candidate('[[]') == False\n    assert candidate('[]]') == False\n    assert candidate('[[]][[') == True\n    assert candidate('[[][]]') == True\n\n    # Check some edge cases that are easy to work out by hand.\n    assert candidate('') == False, \"This prints if this assert fails 2 (also good for debugging!)\"\n    assert candidate('[[[[[[[[') == False\n    assert candidate(']]]]]]]]') == False\n\n\nCorrect Solution:\ndef is_nested(params you should put here):\n\n    opening_bracket_index = []\n    closing_bracket_index = []\n    for i in range(len(string)):\n        if string[i] == '[':\n            opening_bracket_index.append(i)\n        else:\n            closing_bracket_index.append(i)\n    closing_bracket_index.reverse()\n    cnt = 0\n    i = 0\n    l = len(closing_bracket_index)\n    for idx in opening_bracket_index:\n        if i < l and idx < closing_bracket_index[i]:\n            cnt += 1\n            i += 1\n    return cnt >= 2\n\n    \n",
        "model_output": "def is_nested(string):\n    depth = 0\n    found_nested = False\n    \n    for char in string:\n        if char == '[':\n            depth += 1\n            if depth > 1:\n                found_nested = True\n        elif char == ']':\n            depth -= 1\n            if depth < 0:\n                return False\n    \n    return found_nested",
        "extracted_output": 0.0,
        "extract_answer_code": "None"
    },
    {
        "question": "\ndef is_multiply_prime(a):\n    \"\"\"Write a function that returns true if the given number is the multiplication of 3 prime numbers\n    and false otherwise.\n    Knowing that (a) is less then 100. \n    Example:\n    is_multiply_prime(30) == True\n    30 = 2 * 3 * 5\n    \"\"\"\n",
        "right_answer": "Error: .\n Solution: from itertools import combinations\nfrom sympy import isprime\ndef generate_primes(limit):\n    \"\"\"Generate a list of prime numbers less than the given limit.\"\"\"\n    return [num for num in range(2, limit) if isprime(num)]\ndef is_multiply_prime(a):\n    \"\"\"Check if the number a is the product of exactly three prime numbers.\"\"\"\n    if a < 1:\n        return False\n    \n    primes = generate_primes(100)\n    \n    # Check all combinations of three primes\n    for combo in combinations(primes, 3):\n        if combo[0] * combo[1] * combo[2] == a:\n            return True\n            \n    return False.\n Test: def check(candidate):\n\n    assert candidate(5) == False\n    assert candidate(30) == True\n    assert candidate(8) == True\n    assert candidate(10) == False\n    assert candidate(125) == True\n    assert candidate(3 * 5 * 7) == True\n    assert candidate(3 * 6 * 7) == False\n    assert candidate(9 * 9 * 9) == False\n    assert candidate(11 * 9 * 9) == False\n    assert candidate(11 * 13 * 7) == True\n\n\nCorrect Solution:\ndef is_multiply_prime(params you should put here):\n\n    def is_prime(n):\n        for j in range(2,n):\n            if n%j == 0:\n                return False\n        return True\n\n    for i in range(2,101):\n        if not is_prime(i): continue\n        for j in range(2,101):\n            if not is_prime(j): continue\n            for k in range(2,101):\n                if not is_prime(k): continue\n                if i*j*k == a: return True\n    return False\n",
        "model_output": "from itertools import combinations\nfrom sympy import isprime\ndef generate_primes(limit):\n    \"\"\"Generate a list of prime numbers less than the given limit.\"\"\"\n    return [num for num in range(2, limit) if isprime(num)]\ndef is_multiply_prime(a):\n    \"\"\"Check if the number a is the product of exactly three prime numbers.\"\"\"\n    if a < 1:\n        return False\n    \n    primes = generate_primes(100)\n    \n    # Check all combinations of three primes\n    for combo in combinations(primes, 3):\n        if combo[0] * combo[1] * combo[2] == a:\n            return True\n            \n    return False",
        "extracted_output": 0.0,
        "extract_answer_code": "None"
    },
    {
        "question": "\ndef check_if_last_char_is_a_letter(txt):\n    '''\n    Create a function that returns True if the last character\n    of a given string is an alphabetical character and is not\n    a part of a word, and False otherwise.\n    Note: \"word\" is a group of characters separated by space.\n\n    Examples:\n    check_if_last_char_is_a_letter(\"apple pie\") ➞ False\n    check_if_last_char_is_a_letter(\"apple pi e\") ➞ True\n    check_if_last_char_is_a_letter(\"apple pi e \") ➞ False\n    check_if_last_char_is_a_letter(\"\") ➞ False \n    '''\n",
        "right_answer": "Error: .\n Solution: def check_if_last_char_is_a_letter(txt):\n    '''\n    Create a function that returns True if the last character\n    of a given string is an alphabetical character and is not\n    part of a word, and False otherwise.\n    Note: \"word\" is a group of characters separated by space.\n\n    Examples:\n    check_if_last_char_is_a_letter(\"apple pie\") ➞ False\n    check_if_last_char_is_a_letter(\"apple pi e\") ➞ True\n    check_if_last_char_is_a_letter(\"apple pi e \") ➞ False\n    check_if_last_char_is_a_letter(\"\") ➞ False \n    '''\n    \n    # Strip any trailing whitespace from the string\n    txt = txt.rstrip()\n    \n    # Check if the string is empty after stripping\n    if not txt:\n        return False\n    \n    # Get the last character of the string\n    last_char = txt[-1]\n    \n    # Check if the last character is a letter\n    if last_char.isalpha():\n        # Check if the last character is preceded by a space or is the first character\n        if len(txt) == 1 or txt[-2] == ' ':\n            return True\n        else:\n            return False\n    else:\n        return False.\n Test: def check(candidate):\n\n    # Check some simple cases\n    assert candidate(\"apple\") == False\n    assert candidate(\"apple pi e\") == True\n    assert candidate(\"eeeee\") == False\n    assert candidate(\"A\") == True\n    assert candidate(\"Pumpkin pie \") == False\n    assert candidate(\"Pumpkin pie 1\") == False\n    assert candidate(\"\") == False\n    assert candidate(\"eeeee e \") == False\n    assert candidate(\"apple pie\") == False\n    assert candidate(\"apple pi e \") == False\n\n    # Check some edge cases that are easy to work out by hand.\n    assert True\n\n\nCorrect Solution:\ndef check_if_last_char_is_a_letter(params you should put here):\n\n \n    check = txt.split(' ')[-1]\n    return True if len(check) == 1 and (97 <= ord(check.lower()) <= 122) else False\n",
        "model_output": "def check_if_last_char_is_a_letter(txt):\n    '''\n    Create a function that returns True if the last character\n    of a given string is an alphabetical character and is not\n    part of a word, and False otherwise.\n    Note: \"word\" is a group of characters separated by space.\n\n    Examples:\n    check_if_last_char_is_a_letter(\"apple pie\") ➞ False\n    check_if_last_char_is_a_letter(\"apple pi e\") ➞ True\n    check_if_last_char_is_a_letter(\"apple pi e \") ➞ False\n    check_if_last_char_is_a_letter(\"\") ➞ False \n    '''\n    \n    # Strip any trailing whitespace from the string\n    txt = txt.rstrip()\n    \n    # Check if the string is empty after stripping\n    if not txt:\n        return False\n    \n    # Get the last character of the string\n    last_char = txt[-1]\n    \n    # Check if the last character is a letter\n    if last_char.isalpha():\n        # Check if the last character is preceded by a space or is the first character\n        if len(txt) == 1 or txt[-2] == ' ':\n            return True\n        else:\n            return False\n    else:\n        return False",
        "extracted_output": 0.0,
        "extract_answer_code": "None"
    },
    {
        "question": "\ndef can_arrange(arr):\n    \"\"\"Create a function which returns the largest index of an element which\n    is not greater than or equal to the element immediately preceding it. If\n    no such element exists then return -1. The given array will not contain\n    duplicate values.\n\n    Examples:\n    can_arrange([1,2,4,3,5]) = 3\n    can_arrange([1,2,3]) = -1\n    \"\"\"\n",
        "right_answer": "Error: .\n Solution: def can_arrange(arr):\n    \"\"\"Create a function which returns the largest index of an element which\n    is not greater than or equal to the element immediately preceding it. If\n    no such element exists then return -1. The given array will not contain\n    duplicate values.\n\n    Examples:\n    can_arrange([1,2,4,3,5]) = 3\n    can_arrange([1,2,3]) = -1\n    \"\"\"\n    # Start from the second element and go to the end of the array\n    for i in range(1, len(arr)):\n        # Check if the current element is less than the previous one\n        if arr[i] < arr[i - 1]:\n            # Return the current index if the condition is met\n            return i\n    \n    # If no such index is found, return -1\n    return -1.\n Test: def check(candidate):\n\n    # Check some simple cases\n    assert candidate([1,2,4,3,5])==3\n    assert candidate([1,2,4,5])==-1\n    assert candidate([1,4,2,5,6,7,8,9,10])==2\n    assert candidate([4,8,5,7,3])==4\n\n    # Check some edge cases that are easy to work out by hand.\n    assert candidate([])==-1\n\n\nCorrect Solution:\ndef can_arrange(params you should put here):\n\n    ind=-1\n    i=1\n    while i<len(arr):\n      if arr[i]<arr[i-1]:\n        ind=i\n      i+=1\n    return ind\n",
        "model_output": "def can_arrange(arr):\n    \"\"\"Create a function which returns the largest index of an element which\n    is not greater than or equal to the element immediately preceding it. If\n    no such element exists then return -1. The given array will not contain\n    duplicate values.\n\n    Examples:\n    can_arrange([1,2,4,3,5]) = 3\n    can_arrange([1,2,3]) = -1\n    \"\"\"\n    # Start from the second element and go to the end of the array\n    for i in range(1, len(arr)):\n        # Check if the current element is less than the previous one\n        if arr[i] < arr[i - 1]:\n            # Return the current index if the condition is met\n            return i\n    \n    # If no such index is found, return -1\n    return -1",
        "extracted_output": 0.0,
        "extract_answer_code": "None"
    },
    {
        "question": "\ndef order_by_points(nums):\n    \"\"\"\n    Write a function which sorts the given list of integers\n    in ascending order according to the sum of their digits.\n    Note: if there are several items with similar sum of their digits,\n    order them based on their index in original list.\n\n    For example:\n    >>> order_by_points([1, 11, -1, -11, -12]) == [-1, -11, 1, -12, 11]\n    >>> order_by_points([]) == []\n    \"\"\"\n",
        "right_answer": "Error: .\n Solution: def digit_sum(n):\n    \"\"\"\n    Calculate the sum of the digits of an integer n.\n    This function handles both positive and negative integers.\n    \"\"\"\n    # Use absolute value to ignore the sign for digit sum calculation\n    return sum(int(digit) for digit in str(abs(n)))\ndef order_by_points(nums):\n    \"\"\"\n    Sort the given list of integers in ascending order according to the sum of their digits.\n    If there are several items with similar sum of their digits, order them based on their index\n    in the original list.\n    \n    Args:\n    nums (list of int): The list of integers to sort.\n    \n    Returns:\n    list of int: The sorted list of integers.\n    \n    Examples:\n    >>> order_by_points([1, 11, -1, -11, -12])\n    [-1, -11, 1, -12, 11]\n    >>> order_by_points([])\n    []\n    \"\"\"\n    # Sort the list using a key that is a tuple of (digit sum, original index)\n    return sorted(nums, key=lambda x: (digit_sum(x), nums.index(x))).\n Test: def check(candidate):\n\n    # Check some simple cases\n    assert candidate([1, 11, -1, -11, -12]) == [-1, -11, 1, -12, 11]\n    assert candidate([1234,423,463,145,2,423,423,53,6,37,3457,3,56,0,46]) == [0, 2, 3, 6, 53, 423, 423, 423, 1234, 145, 37, 46, 56, 463, 3457]\n    assert candidate([]) == []\n    assert candidate([1, -11, -32, 43, 54, -98, 2, -3]) == [-3, -32, -98, -11, 1, 2, 43, 54]\n    assert candidate([1,2,3,4,5,6,7,8,9,10,11]) == [1, 10, 2, 11, 3, 4, 5, 6, 7, 8, 9]\n    assert candidate([0,6,6,-76,-21,23,4]) == [-76, -21, 0, 4, 23, 6, 6]\n\n    # Check some edge cases that are easy to work out by hand.\n    assert True, \"This prints if this assert fails 2 (also good for debugging!)\"\n\n\nCorrect Solution:\ndef order_by_points(params you should put here):\n\n    def digits_sum(n):\n        neg = 1\n        if n < 0: n, neg = -1 * n, -1 \n        n = [int(i) for i in str(n)]\n        n[0] = n[0] * neg\n        return sum(n)\n    return sorted(nums, key=digits_sum)\n",
        "model_output": "def digit_sum(n):\n    \"\"\"\n    Calculate the sum of the digits of an integer n.\n    This function handles both positive and negative integers.\n    \"\"\"\n    # Use absolute value to ignore the sign for digit sum calculation\n    return sum(int(digit) for digit in str(abs(n)))\ndef order_by_points(nums):\n    \"\"\"\n    Sort the given list of integers in ascending order according to the sum of their digits.\n    If there are several items with similar sum of their digits, order them based on their index\n    in the original list.\n    \n    Args:\n    nums (list of int): The list of integers to sort.\n    \n    Returns:\n    list of int: The sorted list of integers.\n    \n    Examples:\n    >>> order_by_points([1, 11, -1, -11, -12])\n    [-1, -11, 1, -12, 11]\n    >>> order_by_points([])\n    []\n    \"\"\"\n    # Sort the list using a key that is a tuple of (digit sum, original index)\n    return sorted(nums, key=lambda x: (digit_sum(x), nums.index(x)))",
        "extracted_output": 0.0,
        "extract_answer_code": "None"
    },
    {
        "question": "\ndef is_nested(string):\n    '''\n    Create a function that takes a string as input which contains only square brackets.\n    The function should return True if and only if there is a valid subsequence of brackets \n    where at least one bracket in the subsequence is nested.\n\n    is_nested('[[]]') ➞ True\n    is_nested('[]]]]]]][[[[[]') ➞ False\n    is_nested('[][]') ➞ False\n    is_nested('[]') ➞ False\n    is_nested('[[][]]') ➞ True\n    is_nested('[[]][[') ➞ True\n    '''\n",
        "right_answer": "Error: .\n Solution: def is_nested(string):\n    '''\n    Determine if the input string of square brackets contains a valid subsequence\n    where at least one bracket is nested.\n\n    Parameters:\n    string (str): A string containing only '[' and ']'.\n\n    Returns:\n    bool: True if there is a valid nested subsequence, False otherwise.\n    '''\n    \n    # Stack to keep track of opening brackets\n    stack = []\n    # Variable to track if we have found any nested brackets\n    has_nested = False\n    \n    for char in string:\n        if char == '[':\n            # Push opening bracket onto the stack\n            stack.append(char)\n        elif char == ']':\n            # If we encounter a closing bracket, we need to check the stack\n            if stack:\n                # Pop the last opening bracket\n                stack.pop()\n                # If we have more than one opening bracket in the stack, we have nesting\n                if len(stack) > 0:\n                    has_nested = True\n            else:\n                # Unmatched closing bracket, return False\n                return False\n    \n    # After processing all characters, we should have no unmatched opening brackets\n    # and we should have found at least one nested structure\n    return has_nested and len(stack) == 0.\n Test: def check(candidate):\n\n    # Check some simple cases\n    assert candidate('[[]]') == True, \"This prints if this assert fails 1 (good for debugging!)\"\n    assert candidate('[]]]]]]][[[[[]') == False\n    assert candidate('[][]') == False\n    assert candidate(('[]')) == False\n    assert candidate('[[[[]]]]') == True\n    assert candidate('[]]]]]]]]]]') == False\n    assert candidate('[][][[]]') == True\n    assert candidate('[[]') == False\n    assert candidate('[]]') == False\n    assert candidate('[[]][[') == True\n    assert candidate('[[][]]') == True\n\n    # Check some edge cases that are easy to work out by hand.\n    assert candidate('') == False, \"This prints if this assert fails 2 (also good for debugging!)\"\n    assert candidate('[[[[[[[[') == False\n    assert candidate(']]]]]]]]') == False\n\n\nCorrect Solution:\ndef is_nested(params you should put here):\n\n    opening_bracket_index = []\n    closing_bracket_index = []\n    for i in range(len(string)):\n        if string[i] == '[':\n            opening_bracket_index.append(i)\n        else:\n            closing_bracket_index.append(i)\n    closing_bracket_index.reverse()\n    cnt = 0\n    i = 0\n    l = len(closing_bracket_index)\n    for idx in opening_bracket_index:\n        if i < l and idx < closing_bracket_index[i]:\n            cnt += 1\n            i += 1\n    return cnt >= 2\n\n    \n",
        "model_output": "def is_nested(string):\n    '''\n    Determine if the input string of square brackets contains a valid subsequence\n    where at least one bracket is nested.\n\n    Parameters:\n    string (str): A string containing only '[' and ']'.\n\n    Returns:\n    bool: True if there is a valid nested subsequence, False otherwise.\n    '''\n    \n    # Stack to keep track of opening brackets\n    stack = []\n    # Variable to track if we have found any nested brackets\n    has_nested = False\n    \n    for char in string:\n        if char == '[':\n            # Push opening bracket onto the stack\n            stack.append(char)\n        elif char == ']':\n            # If we encounter a closing bracket, we need to check the stack\n            if stack:\n                # Pop the last opening bracket\n                stack.pop()\n                # If we have more than one opening bracket in the stack, we have nesting\n                if len(stack) > 0:\n                    has_nested = True\n            else:\n                # Unmatched closing bracket, return False\n                return False\n    \n    # After processing all characters, we should have no unmatched opening brackets\n    # and we should have found at least one nested structure\n    return has_nested and len(stack) == 0",
        "extracted_output": 0.0,
        "extract_answer_code": "None"
    },
    {
        "question": "\ndef is_multiply_prime(a):\n    \"\"\"Write a function that returns true if the given number is the multiplication of 3 prime numbers\n    and false otherwise.\n    Knowing that (a) is less then 100. \n    Example:\n    is_multiply_prime(30) == True\n    30 = 2 * 3 * 5\n    \"\"\"\n",
        "right_answer": "Error: .\n Solution: def is_prime(n):\n    \"\"\"Check if a number is prime.\"\"\"\n    if n <= 1:\n        return False\n    for i in range(2, int(n**0.5) + 1):\n        if n % i == 0:\n            return False\n    return True\ndef generate_primes(limit):\n    \"\"\"Generate a list of prime numbers less than the given limit.\"\"\"\n    return [i for i in range(2, limit) if is_prime(i)]\ndef is_multiply_prime(a):\n    \"\"\"Check if the given number is the multiplication of 3 prime numbers.\"\"\"\n    if a < 1 or a >= 100:\n        return False\n    \n    primes = generate_primes(100)\n    \n    # Check all combinations of three primes\n    for i in range(len(primes)):\n        for j in range(i, len(primes)):\n            for k in range(j, len(primes)):\n                product = primes[i] * primes[j] * primes[k]\n                if product == a:\n                    return True\n                if product > a:  # No need to check further if product exceeds a\n                    break\n    \n    return False.\n Test: def check(candidate):\n\n    assert candidate(5) == False\n    assert candidate(30) == True\n    assert candidate(8) == True\n    assert candidate(10) == False\n    assert candidate(125) == True\n    assert candidate(3 * 5 * 7) == True\n    assert candidate(3 * 6 * 7) == False\n    assert candidate(9 * 9 * 9) == False\n    assert candidate(11 * 9 * 9) == False\n    assert candidate(11 * 13 * 7) == True\n\n\nCorrect Solution:\ndef is_multiply_prime(params you should put here):\n\n    def is_prime(n):\n        for j in range(2,n):\n            if n%j == 0:\n                return False\n        return True\n\n    for i in range(2,101):\n        if not is_prime(i): continue\n        for j in range(2,101):\n            if not is_prime(j): continue\n            for k in range(2,101):\n                if not is_prime(k): continue\n                if i*j*k == a: return True\n    return False\n",
        "model_output": "def is_prime(n):\n    \"\"\"Check if a number is prime.\"\"\"\n    if n <= 1:\n        return False\n    for i in range(2, int(n**0.5) + 1):\n        if n % i == 0:\n            return False\n    return True\ndef generate_primes(limit):\n    \"\"\"Generate a list of prime numbers less than the given limit.\"\"\"\n    return [i for i in range(2, limit) if is_prime(i)]\ndef is_multiply_prime(a):\n    \"\"\"Check if the given number is the multiplication of 3 prime numbers.\"\"\"\n    if a < 1 or a >= 100:\n        return False\n    \n    primes = generate_primes(100)\n    \n    # Check all combinations of three primes\n    for i in range(len(primes)):\n        for j in range(i, len(primes)):\n            for k in range(j, len(primes)):\n                product = primes[i] * primes[j] * primes[k]\n                if product == a:\n                    return True\n                if product > a:  # No need to check further if product exceeds a\n                    break\n    \n    return False",
        "extracted_output": 0.0,
        "extract_answer_code": "None"
    },
    {
        "question": "\ndef check_if_last_char_is_a_letter(txt):\n    '''\n    Create a function that returns True if the last character\n    of a given string is an alphabetical character and is not\n    a part of a word, and False otherwise.\n    Note: \"word\" is a group of characters separated by space.\n\n    Examples:\n    check_if_last_char_is_a_letter(\"apple pie\") ➞ False\n    check_if_last_char_is_a_letter(\"apple pi e\") ➞ True\n    check_if_last_char_is_a_letter(\"apple pi e \") ➞ False\n    check_if_last_char_is_a_letter(\"\") ➞ False \n    '''\n",
        "right_answer": "Error: .\n Solution: def check_if_last_char_is_a_letter(txt):\n    '''\n    Create a function that returns True if the last character\n    of a given string is an alphabetical character and is not\n    a part of a word, and False otherwise.\n    Note: \"word\" is a group of characters separated by space.\n\n    Examples:\n    check_if_last_char_is_a_letter(\"apple pie\") ➞ False\n    check_if_last_char_is_a_letter(\"apple pi e\") ➞ True\n    check_if_last_char_is_a_letter(\"apple pi e \") ➞ False\n    check_if_last_char_is_a_letter(\"\") ➞ False \n    '''\n    \n    # Strip any trailing whitespace from the string\n    stripped_txt = txt.rstrip()\n    \n    # If the stripped string is empty, return False\n    if not stripped_txt:\n        return False\n    \n    # Get the last character of the stripped string\n    last_char = stripped_txt[-1]\n    \n    # Check if the last character is an alphabetical character\n    if last_char.isalpha():\n        # Check if the last character is not part of a word\n        # This means the last character should be the only character\n        # or followed by a space in the original string\n        if len(stripped_txt) == 1 or stripped_txt[-2] == ' ':\n            return True\n    \n    return False.\n Test: def check(candidate):\n\n    # Check some simple cases\n    assert candidate(\"apple\") == False\n    assert candidate(\"apple pi e\") == True\n    assert candidate(\"eeeee\") == False\n    assert candidate(\"A\") == True\n    assert candidate(\"Pumpkin pie \") == False\n    assert candidate(\"Pumpkin pie 1\") == False\n    assert candidate(\"\") == False\n    assert candidate(\"eeeee e \") == False\n    assert candidate(\"apple pie\") == False\n    assert candidate(\"apple pi e \") == False\n\n    # Check some edge cases that are easy to work out by hand.\n    assert True\n\n\nCorrect Solution:\ndef check_if_last_char_is_a_letter(params you should put here):\n\n \n    check = txt.split(' ')[-1]\n    return True if len(check) == 1 and (97 <= ord(check.lower()) <= 122) else False\n",
        "model_output": "def check_if_last_char_is_a_letter(txt):\n    '''\n    Create a function that returns True if the last character\n    of a given string is an alphabetical character and is not\n    a part of a word, and False otherwise.\n    Note: \"word\" is a group of characters separated by space.\n\n    Examples:\n    check_if_last_char_is_a_letter(\"apple pie\") ➞ False\n    check_if_last_char_is_a_letter(\"apple pi e\") ➞ True\n    check_if_last_char_is_a_letter(\"apple pi e \") ➞ False\n    check_if_last_char_is_a_letter(\"\") ➞ False \n    '''\n    \n    # Strip any trailing whitespace from the string\n    stripped_txt = txt.rstrip()\n    \n    # If the stripped string is empty, return False\n    if not stripped_txt:\n        return False\n    \n    # Get the last character of the stripped string\n    last_char = stripped_txt[-1]\n    \n    # Check if the last character is an alphabetical character\n    if last_char.isalpha():\n        # Check if the last character is not part of a word\n        # This means the last character should be the only character\n        # or followed by a space in the original string\n        if len(stripped_txt) == 1 or stripped_txt[-2] == ' ':\n            return True\n    \n    return False",
        "extracted_output": 0.0,
        "extract_answer_code": "None"
    },
    {
        "question": "\ndef order_by_points(nums):\n    \"\"\"\n    Write a function which sorts the given list of integers\n    in ascending order according to the sum of their digits.\n    Note: if there are several items with similar sum of their digits,\n    order them based on their index in original list.\n\n    For example:\n    >>> order_by_points([1, 11, -1, -11, -12]) == [-1, -11, 1, -12, 11]\n    >>> order_by_points([]) == []\n    \"\"\"\n",
        "right_answer": "Error: .\n Solution: def digit_sum(n):\n    \"\"\"\n    Calculate the sum of the digits of an integer n.\n    This function handles both positive and negative integers.\n    \"\"\"\n    return sum(int(digit) for digit in str(abs(n)))\ndef order_by_points(nums):\n    \"\"\"\n    Sorts the given list of integers in ascending order according to the sum of their digits.\n    If there are several items with similar sum of their digits, they are ordered based on their\n    index in the original list.\n    \n    Args:\n    nums (list of int): The list of integers to sort.\n    \n    Returns:\n    list of int: The sorted list of integers.\n    \n    Examples:\n    >>> order_by_points([1, 11, -1, -11, -12])\n    [-1, -11, 1, -12, 11]\n    >>> order_by_points([])\n    []\n    \"\"\"\n    # Use the sorted function with a custom key\n    return sorted(nums, key=lambda x: (digit_sum(x), nums.index(x))).\n Test: def check(candidate):\n\n    # Check some simple cases\n    assert candidate([1, 11, -1, -11, -12]) == [-1, -11, 1, -12, 11]\n    assert candidate([1234,423,463,145,2,423,423,53,6,37,3457,3,56,0,46]) == [0, 2, 3, 6, 53, 423, 423, 423, 1234, 145, 37, 46, 56, 463, 3457]\n    assert candidate([]) == []\n    assert candidate([1, -11, -32, 43, 54, -98, 2, -3]) == [-3, -32, -98, -11, 1, 2, 43, 54]\n    assert candidate([1,2,3,4,5,6,7,8,9,10,11]) == [1, 10, 2, 11, 3, 4, 5, 6, 7, 8, 9]\n    assert candidate([0,6,6,-76,-21,23,4]) == [-76, -21, 0, 4, 23, 6, 6]\n\n    # Check some edge cases that are easy to work out by hand.\n    assert True, \"This prints if this assert fails 2 (also good for debugging!)\"\n\n\nCorrect Solution:\ndef order_by_points(params you should put here):\n\n    def digits_sum(n):\n        neg = 1\n        if n < 0: n, neg = -1 * n, -1 \n        n = [int(i) for i in str(n)]\n        n[0] = n[0] * neg\n        return sum(n)\n    return sorted(nums, key=digits_sum)\n",
        "model_output": "def digit_sum(n):\n    \"\"\"\n    Calculate the sum of the digits of an integer n.\n    This function handles both positive and negative integers.\n    \"\"\"\n    return sum(int(digit) for digit in str(abs(n)))\ndef order_by_points(nums):\n    \"\"\"\n    Sorts the given list of integers in ascending order according to the sum of their digits.\n    If there are several items with similar sum of their digits, they are ordered based on their\n    index in the original list.\n    \n    Args:\n    nums (list of int): The list of integers to sort.\n    \n    Returns:\n    list of int: The sorted list of integers.\n    \n    Examples:\n    >>> order_by_points([1, 11, -1, -11, -12])\n    [-1, -11, 1, -12, 11]\n    >>> order_by_points([])\n    []\n    \"\"\"\n    # Use the sorted function with a custom key\n    return sorted(nums, key=lambda x: (digit_sum(x), nums.index(x)))",
        "extracted_output": 0.0,
        "extract_answer_code": "None"
    },
    {
        "question": "\ndef is_nested(string):\n    '''\n    Create a function that takes a string as input which contains only square brackets.\n    The function should return True if and only if there is a valid subsequence of brackets \n    where at least one bracket in the subsequence is nested.\n\n    is_nested('[[]]') ➞ True\n    is_nested('[]]]]]]][[[[[]') ➞ False\n    is_nested('[][]') ➞ False\n    is_nested('[]') ➞ False\n    is_nested('[[][]]') ➞ True\n    is_nested('[[]][[') ➞ True\n    '''\n",
        "right_answer": "Error: .\n Solution: def is_nested(string):\n    depth = 0\n    found_nested = False\n    \n    for char in string:\n        if char == '[':\n            depth += 1\n            if depth > 1:\n                found_nested = True\n        elif char == ']':\n            depth -= 1\n            if depth < 0:\n                return False\n    \n    return found_nested.\n Test: def check(candidate):\n\n    # Check some simple cases\n    assert candidate('[[]]') == True, \"This prints if this assert fails 1 (good for debugging!)\"\n    assert candidate('[]]]]]]][[[[[]') == False\n    assert candidate('[][]') == False\n    assert candidate(('[]')) == False\n    assert candidate('[[[[]]]]') == True\n    assert candidate('[]]]]]]]]]]') == False\n    assert candidate('[][][[]]') == True\n    assert candidate('[[]') == False\n    assert candidate('[]]') == False\n    assert candidate('[[]][[') == True\n    assert candidate('[[][]]') == True\n\n    # Check some edge cases that are easy to work out by hand.\n    assert candidate('') == False, \"This prints if this assert fails 2 (also good for debugging!)\"\n    assert candidate('[[[[[[[[') == False\n    assert candidate(']]]]]]]]') == False\n\n\nCorrect Solution:\ndef is_nested(params you should put here):\n\n    opening_bracket_index = []\n    closing_bracket_index = []\n    for i in range(len(string)):\n        if string[i] == '[':\n            opening_bracket_index.append(i)\n        else:\n            closing_bracket_index.append(i)\n    closing_bracket_index.reverse()\n    cnt = 0\n    i = 0\n    l = len(closing_bracket_index)\n    for idx in opening_bracket_index:\n        if i < l and idx < closing_bracket_index[i]:\n            cnt += 1\n            i += 1\n    return cnt >= 2\n\n    \n",
        "model_output": "def is_nested(string):\n    depth = 0\n    found_nested = False\n    \n    for char in string:\n        if char == '[':\n            depth += 1\n            if depth > 1:\n                found_nested = True\n        elif char == ']':\n            depth -= 1\n            if depth < 0:\n                return False\n    \n    return found_nested",
        "extracted_output": 0.0,
        "extract_answer_code": "None"
    },
    {
        "question": "\ndef is_multiply_prime(a):\n    \"\"\"Write a function that returns true if the given number is the multiplication of 3 prime numbers\n    and false otherwise.\n    Knowing that (a) is less then 100. \n    Example:\n    is_multiply_prime(30) == True\n    30 = 2 * 3 * 5\n    \"\"\"\n",
        "right_answer": "Error: .\n Solution: def is_prime(n):\n    \"\"\"Check if a number is prime.\"\"\"\n    if n <= 1:\n        return False\n    for i in range(2, int(n**0.5) + 1):\n        if n % i == 0:\n            return False\n    return True\ndef generate_primes(limit):\n    \"\"\"Generate a list of prime numbers up to a given limit.\"\"\"\n    return [i for i in range(2, limit) if is_prime(i)]\ndef is_multiply_prime(a):\n    \"\"\"Check if the number is the multiplication of 3 prime numbers.\"\"\"\n    if a < 1 or a >= 100:\n        return False\n    \n    primes = generate_primes(100)\n    \n    # Check all combinations of three primes\n    for i in range(len(primes)):\n        for j in range(i, len(primes)):\n            for k in range(j, len(primes)):\n                product = primes[i] * primes[j] * primes[k]\n                if product == a:\n                    return True\n                if product > a:  # No need to check further if product exceeds a\n                    break\n    \n    return False.\n Test: def check(candidate):\n\n    assert candidate(5) == False\n    assert candidate(30) == True\n    assert candidate(8) == True\n    assert candidate(10) == False\n    assert candidate(125) == True\n    assert candidate(3 * 5 * 7) == True\n    assert candidate(3 * 6 * 7) == False\n    assert candidate(9 * 9 * 9) == False\n    assert candidate(11 * 9 * 9) == False\n    assert candidate(11 * 13 * 7) == True\n\n\nCorrect Solution:\ndef is_multiply_prime(params you should put here):\n\n    def is_prime(n):\n        for j in range(2,n):\n            if n%j == 0:\n                return False\n        return True\n\n    for i in range(2,101):\n        if not is_prime(i): continue\n        for j in range(2,101):\n            if not is_prime(j): continue\n            for k in range(2,101):\n                if not is_prime(k): continue\n                if i*j*k == a: return True\n    return False\n",
        "model_output": "def is_prime(n):\n    \"\"\"Check if a number is prime.\"\"\"\n    if n <= 1:\n        return False\n    for i in range(2, int(n**0.5) + 1):\n        if n % i == 0:\n            return False\n    return True\ndef generate_primes(limit):\n    \"\"\"Generate a list of prime numbers up to a given limit.\"\"\"\n    return [i for i in range(2, limit) if is_prime(i)]\ndef is_multiply_prime(a):\n    \"\"\"Check if the number is the multiplication of 3 prime numbers.\"\"\"\n    if a < 1 or a >= 100:\n        return False\n    \n    primes = generate_primes(100)\n    \n    # Check all combinations of three primes\n    for i in range(len(primes)):\n        for j in range(i, len(primes)):\n            for k in range(j, len(primes)):\n                product = primes[i] * primes[j] * primes[k]\n                if product == a:\n                    return True\n                if product > a:  # No need to check further if product exceeds a\n                    break\n    \n    return False",
        "extracted_output": 0.0,
        "extract_answer_code": "None"
    },
    {
        "question": "\ndef check_if_last_char_is_a_letter(txt):\n    '''\n    Create a function that returns True if the last character\n    of a given string is an alphabetical character and is not\n    a part of a word, and False otherwise.\n    Note: \"word\" is a group of characters separated by space.\n\n    Examples:\n    check_if_last_char_is_a_letter(\"apple pie\") ➞ False\n    check_if_last_char_is_a_letter(\"apple pi e\") ➞ True\n    check_if_last_char_is_a_letter(\"apple pi e \") ➞ False\n    check_if_last_char_is_a_letter(\"\") ➞ False \n    '''\n",
        "right_answer": "Error: .\n Solution: def check_if_last_char_is_a_letter(txt):\n    '''\n    Create a function that returns True if the last character\n    of a given string is an alphabetical character and is not\n    part of a word, and False otherwise.\n    Note: \"word\" is a group of characters separated by space.\n\n    Examples:\n    check_if_last_char_is_a_letter(\"apple pie\") ➞ False\n    check_if_last_char_is_a_letter(\"apple pi e\") ➞ True\n    check_if_last_char_is_a_letter(\"apple pi e \") ➞ False\n    check_if_last_char_is_a_letter(\"\") ➞ False \n    '''\n    \n    # Strip any trailing whitespace from the string\n    txt = txt.rstrip()\n    \n    # If the string is empty after stripping, return False\n    if not txt:\n        return False\n    \n    # Get the last character of the string\n    last_char = txt[-1]\n    \n    # Check if the last character is an alphabetical character\n    if last_char.isalpha():\n        # Check if the last character is not part of a word\n        # This means the character should be followed by a space or be the only character\n        if len(txt) == 1 or txt[-2] == ' ':\n            return True\n    \n    # If the last character is not a letter or is part of a word, return False\n    return False.\n Test: def check(candidate):\n\n    # Check some simple cases\n    assert candidate(\"apple\") == False\n    assert candidate(\"apple pi e\") == True\n    assert candidate(\"eeeee\") == False\n    assert candidate(\"A\") == True\n    assert candidate(\"Pumpkin pie \") == False\n    assert candidate(\"Pumpkin pie 1\") == False\n    assert candidate(\"\") == False\n    assert candidate(\"eeeee e \") == False\n    assert candidate(\"apple pie\") == False\n    assert candidate(\"apple pi e \") == False\n\n    # Check some edge cases that are easy to work out by hand.\n    assert True\n\n\nCorrect Solution:\ndef check_if_last_char_is_a_letter(params you should put here):\n\n \n    check = txt.split(' ')[-1]\n    return True if len(check) == 1 and (97 <= ord(check.lower()) <= 122) else False\n",
        "model_output": "def check_if_last_char_is_a_letter(txt):\n    '''\n    Create a function that returns True if the last character\n    of a given string is an alphabetical character and is not\n    part of a word, and False otherwise.\n    Note: \"word\" is a group of characters separated by space.\n\n    Examples:\n    check_if_last_char_is_a_letter(\"apple pie\") ➞ False\n    check_if_last_char_is_a_letter(\"apple pi e\") ➞ True\n    check_if_last_char_is_a_letter(\"apple pi e \") ➞ False\n    check_if_last_char_is_a_letter(\"\") ➞ False \n    '''\n    \n    # Strip any trailing whitespace from the string\n    txt = txt.rstrip()\n    \n    # If the string is empty after stripping, return False\n    if not txt:\n        return False\n    \n    # Get the last character of the string\n    last_char = txt[-1]\n    \n    # Check if the last character is an alphabetical character\n    if last_char.isalpha():\n        # Check if the last character is not part of a word\n        # This means the character should be followed by a space or be the only character\n        if len(txt) == 1 or txt[-2] == ' ':\n            return True\n    \n    # If the last character is not a letter or is part of a word, return False\n    return False",
        "extracted_output": 0.0,
        "extract_answer_code": "None"
    },
    {
        "question": "\ndef can_arrange(arr):\n    \"\"\"Create a function which returns the largest index of an element which\n    is not greater than or equal to the element immediately preceding it. If\n    no such element exists then return -1. The given array will not contain\n    duplicate values.\n\n    Examples:\n    can_arrange([1,2,4,3,5]) = 3\n    can_arrange([1,2,3]) = -1\n    \"\"\"\n",
        "right_answer": "Error: .\n Solution: def can_arrange(arr):\n    \"\"\"Create a function which returns the largest index of an element which\n    is not greater than or equal to the element immediately preceding it. If\n    no such element exists then return -1. The given array will not contain\n    duplicate values.\n\n    Examples:\n    can_arrange([1,2,4,3,5]) = 3\n    can_arrange([1,2,3]) = -1\n    \"\"\"\n    # Start from the second element and go to the end of the array\n    for i in range(1, len(arr)):\n        # Check if the current element is less than the previous one\n        if arr[i] < arr[i - 1]:\n            # Return the current index if the condition is met\n            return i\n    \n    # If no such index is found, return -1\n    return -1.\n Test: def check(candidate):\n\n    # Check some simple cases\n    assert candidate([1,2,4,3,5])==3\n    assert candidate([1,2,4,5])==-1\n    assert candidate([1,4,2,5,6,7,8,9,10])==2\n    assert candidate([4,8,5,7,3])==4\n\n    # Check some edge cases that are easy to work out by hand.\n    assert candidate([])==-1\n\n\nCorrect Solution:\ndef can_arrange(params you should put here):\n\n    ind=-1\n    i=1\n    while i<len(arr):\n      if arr[i]<arr[i-1]:\n        ind=i\n      i+=1\n    return ind\n",
        "model_output": "def can_arrange(arr):\n    \"\"\"Create a function which returns the largest index of an element which\n    is not greater than or equal to the element immediately preceding it. If\n    no such element exists then return -1. The given array will not contain\n    duplicate values.\n\n    Examples:\n    can_arrange([1,2,4,3,5]) = 3\n    can_arrange([1,2,3]) = -1\n    \"\"\"\n    # Start from the second element and go to the end of the array\n    for i in range(1, len(arr)):\n        # Check if the current element is less than the previous one\n        if arr[i] < arr[i - 1]:\n            # Return the current index if the condition is met\n            return i\n    \n    # If no such index is found, return -1\n    return -1",
        "extracted_output": 0.0,
        "extract_answer_code": "None"
    },
    {
        "question": "\ndef order_by_points(nums):\n    \"\"\"\n    Write a function which sorts the given list of integers\n    in ascending order according to the sum of their digits.\n    Note: if there are several items with similar sum of their digits,\n    order them based on their index in original list.\n\n    For example:\n    >>> order_by_points([1, 11, -1, -11, -12]) == [-1, -11, 1, -12, 11]\n    >>> order_by_points([]) == []\n    \"\"\"\n",
        "right_answer": "Error: .\n Solution: def digit_sum(n):\n    \"\"\"\n    Calculate the sum of the digits of an integer n.\n    This function handles both positive and negative integers.\n    \"\"\"\n    # Use absolute value to ignore the sign for digit sum calculation\n    return sum(int(digit) for digit in str(abs(n)))\ndef order_by_points(nums):\n    \"\"\"\n    Sort the given list of integers in ascending order according to the sum of their digits.\n    If there are several items with similar sum of their digits, order them based on their index\n    in the original list.\n    \n    Args:\n    nums (list of int): The list of integers to sort.\n    \n    Returns:\n    list of int: The sorted list of integers.\n    \n    Examples:\n    >>> order_by_points([1, 11, -1, -11, -12])\n    [-1, -11, 1, -12, 11]\n    >>> order_by_points([])\n    []\n    \"\"\"\n    # Use the sorted function with a custom key\n    # The key is a tuple: (sum of digits, original index)\n    return sorted(nums, key=lambda x: (digit_sum(x), nums.index(x))).\n Test: def check(candidate):\n\n    # Check some simple cases\n    assert candidate([1, 11, -1, -11, -12]) == [-1, -11, 1, -12, 11]\n    assert candidate([1234,423,463,145,2,423,423,53,6,37,3457,3,56,0,46]) == [0, 2, 3, 6, 53, 423, 423, 423, 1234, 145, 37, 46, 56, 463, 3457]\n    assert candidate([]) == []\n    assert candidate([1, -11, -32, 43, 54, -98, 2, -3]) == [-3, -32, -98, -11, 1, 2, 43, 54]\n    assert candidate([1,2,3,4,5,6,7,8,9,10,11]) == [1, 10, 2, 11, 3, 4, 5, 6, 7, 8, 9]\n    assert candidate([0,6,6,-76,-21,23,4]) == [-76, -21, 0, 4, 23, 6, 6]\n\n    # Check some edge cases that are easy to work out by hand.\n    assert True, \"This prints if this assert fails 2 (also good for debugging!)\"\n\n\nCorrect Solution:\ndef order_by_points(params you should put here):\n\n    def digits_sum(n):\n        neg = 1\n        if n < 0: n, neg = -1 * n, -1 \n        n = [int(i) for i in str(n)]\n        n[0] = n[0] * neg\n        return sum(n)\n    return sorted(nums, key=digits_sum)\n",
        "model_output": "def digit_sum(n):\n    \"\"\"\n    Calculate the sum of the digits of an integer n.\n    This function handles both positive and negative integers.\n    \"\"\"\n    # Use absolute value to ignore the sign for digit sum calculation\n    return sum(int(digit) for digit in str(abs(n)))\ndef order_by_points(nums):\n    \"\"\"\n    Sort the given list of integers in ascending order according to the sum of their digits.\n    If there are several items with similar sum of their digits, order them based on their index\n    in the original list.\n    \n    Args:\n    nums (list of int): The list of integers to sort.\n    \n    Returns:\n    list of int: The sorted list of integers.\n    \n    Examples:\n    >>> order_by_points([1, 11, -1, -11, -12])\n    [-1, -11, 1, -12, 11]\n    >>> order_by_points([])\n    []\n    \"\"\"\n    # Use the sorted function with a custom key\n    # The key is a tuple: (sum of digits, original index)\n    return sorted(nums, key=lambda x: (digit_sum(x), nums.index(x)))",
        "extracted_output": 0.0,
        "extract_answer_code": "None"
    },
    {
        "question": "\ndef is_nested(string):\n    '''\n    Create a function that takes a string as input which contains only square brackets.\n    The function should return True if and only if there is a valid subsequence of brackets \n    where at least one bracket in the subsequence is nested.\n\n    is_nested('[[]]') ➞ True\n    is_nested('[]]]]]]][[[[[]') ➞ False\n    is_nested('[][]') ➞ False\n    is_nested('[]') ➞ False\n    is_nested('[[][]]') ➞ True\n    is_nested('[[]][[') ➞ True\n    '''\n",
        "right_answer": "Error: .\n Solution: def is_nested(string):\n    '''\n    Determine if the input string of square brackets contains a valid nested subsequence.\n    \n    A valid nested subsequence means there exists at least one pair of brackets where\n    one bracket is inside another.\n    \n    Parameters:\n    string (str): A string containing only square brackets.\n    \n    Returns:\n    bool: True if there is a valid nested subsequence, False otherwise.\n    '''\n    \n    # Initialize counters for open and close brackets\n    open_count = 0\n    nested_found = False\n    \n    for char in string:\n        if char == '[':\n            open_count += 1\n        elif char == ']':\n            if open_count > 0:\n                # We can close an open bracket\n                open_count -= 1\n                # If we have closed one bracket and there was at least one open before,\n                # we have found a nested structure\n                if open_count > 0:\n                    nested_found = True\n    \n    # Return True if we found a nested structure, otherwise False\n    return nested_found.\n Test: def check(candidate):\n\n    # Check some simple cases\n    assert candidate('[[]]') == True, \"This prints if this assert fails 1 (good for debugging!)\"\n    assert candidate('[]]]]]]][[[[[]') == False\n    assert candidate('[][]') == False\n    assert candidate(('[]')) == False\n    assert candidate('[[[[]]]]') == True\n    assert candidate('[]]]]]]]]]]') == False\n    assert candidate('[][][[]]') == True\n    assert candidate('[[]') == False\n    assert candidate('[]]') == False\n    assert candidate('[[]][[') == True\n    assert candidate('[[][]]') == True\n\n    # Check some edge cases that are easy to work out by hand.\n    assert candidate('') == False, \"This prints if this assert fails 2 (also good for debugging!)\"\n    assert candidate('[[[[[[[[') == False\n    assert candidate(']]]]]]]]') == False\n\n\nCorrect Solution:\ndef is_nested(params you should put here):\n\n    opening_bracket_index = []\n    closing_bracket_index = []\n    for i in range(len(string)):\n        if string[i] == '[':\n            opening_bracket_index.append(i)\n        else:\n            closing_bracket_index.append(i)\n    closing_bracket_index.reverse()\n    cnt = 0\n    i = 0\n    l = len(closing_bracket_index)\n    for idx in opening_bracket_index:\n        if i < l and idx < closing_bracket_index[i]:\n            cnt += 1\n            i += 1\n    return cnt >= 2\n\n    \n",
        "model_output": "def is_nested(string):\n    '''\n    Determine if the input string of square brackets contains a valid nested subsequence.\n    \n    A valid nested subsequence means there exists at least one pair of brackets where\n    one bracket is inside another.\n    \n    Parameters:\n    string (str): A string containing only square brackets.\n    \n    Returns:\n    bool: True if there is a valid nested subsequence, False otherwise.\n    '''\n    \n    # Initialize counters for open and close brackets\n    open_count = 0\n    nested_found = False\n    \n    for char in string:\n        if char == '[':\n            open_count += 1\n        elif char == ']':\n            if open_count > 0:\n                # We can close an open bracket\n                open_count -= 1\n                # If we have closed one bracket and there was at least one open before,\n                # we have found a nested structure\n                if open_count > 0:\n                    nested_found = True\n    \n    # Return True if we found a nested structure, otherwise False\n    return nested_found",
        "extracted_output": 0.0,
        "extract_answer_code": "None"
    },
    {
        "question": "\ndef is_multiply_prime(a):\n    \"\"\"Write a function that returns true if the given number is the multiplication of 3 prime numbers\n    and false otherwise.\n    Knowing that (a) is less then 100. \n    Example:\n    is_multiply_prime(30) == True\n    30 = 2 * 3 * 5\n    \"\"\"\n",
        "right_answer": "Error: .\n Solution: def is_prime(n):\n    \"\"\"Check if a number is prime.\"\"\"\n    if n <= 1:\n        return False\n    for i in range(2, int(n**0.5) + 1):\n        if n % i == 0:\n            return False\n    return True\ndef generate_primes(limit):\n    \"\"\"Generate a list of prime numbers less than the given limit.\"\"\"\n    return [i for i in range(2, limit) if is_prime(i)]\ndef is_multiply_prime(a):\n    \"\"\"Check if the number is the multiplication of 3 prime numbers.\"\"\"\n    if a < 1 or a >= 100:\n        return False\n    \n    primes = generate_primes(100)\n    \n    # Check all combinations of three primes\n    for i in range(len(primes)):\n        for j in range(i, len(primes)):\n            for k in range(j, len(primes)):\n                product = primes[i] * primes[j] * primes[k]\n                if product == a:\n                    return True\n                if product > a:  # No need to check further if product exceeds a\n                    break\n    \n    return False.\n Test: def check(candidate):\n\n    assert candidate(5) == False\n    assert candidate(30) == True\n    assert candidate(8) == True\n    assert candidate(10) == False\n    assert candidate(125) == True\n    assert candidate(3 * 5 * 7) == True\n    assert candidate(3 * 6 * 7) == False\n    assert candidate(9 * 9 * 9) == False\n    assert candidate(11 * 9 * 9) == False\n    assert candidate(11 * 13 * 7) == True\n\n\nCorrect Solution:\ndef is_multiply_prime(params you should put here):\n\n    def is_prime(n):\n        for j in range(2,n):\n            if n%j == 0:\n                return False\n        return True\n\n    for i in range(2,101):\n        if not is_prime(i): continue\n        for j in range(2,101):\n            if not is_prime(j): continue\n            for k in range(2,101):\n                if not is_prime(k): continue\n                if i*j*k == a: return True\n    return False\n",
        "model_output": "def is_prime(n):\n    \"\"\"Check if a number is prime.\"\"\"\n    if n <= 1:\n        return False\n    for i in range(2, int(n**0.5) + 1):\n        if n % i == 0:\n            return False\n    return True\ndef generate_primes(limit):\n    \"\"\"Generate a list of prime numbers less than the given limit.\"\"\"\n    return [i for i in range(2, limit) if is_prime(i)]\ndef is_multiply_prime(a):\n    \"\"\"Check if the number is the multiplication of 3 prime numbers.\"\"\"\n    if a < 1 or a >= 100:\n        return False\n    \n    primes = generate_primes(100)\n    \n    # Check all combinations of three primes\n    for i in range(len(primes)):\n        for j in range(i, len(primes)):\n            for k in range(j, len(primes)):\n                product = primes[i] * primes[j] * primes[k]\n                if product == a:\n                    return True\n                if product > a:  # No need to check further if product exceeds a\n                    break\n    \n    return False",
        "extracted_output": 0.0,
        "extract_answer_code": "None"
    },
    {
        "question": "\ndef check_if_last_char_is_a_letter(txt):\n    '''\n    Create a function that returns True if the last character\n    of a given string is an alphabetical character and is not\n    a part of a word, and False otherwise.\n    Note: \"word\" is a group of characters separated by space.\n\n    Examples:\n    check_if_last_char_is_a_letter(\"apple pie\") ➞ False\n    check_if_last_char_is_a_letter(\"apple pi e\") ➞ True\n    check_if_last_char_is_a_letter(\"apple pi e \") ➞ False\n    check_if_last_char_is_a_letter(\"\") ➞ False \n    '''\n",
        "right_answer": "Error: .\n Solution: def check_if_last_char_is_a_letter(txt):\n    '''\n    Create a function that returns True if the last character\n    of a given string is an alphabetical character and is not\n    part of a word, and False otherwise.\n    Note: \"word\" is a group of characters separated by space.\n\n    Examples:\n    check_if_last_char_is_a_letter(\"apple pie\") ➞ False\n    check_if_last_char_is_a_letter(\"apple pi e\") ➞ True\n    check_if_last_char_is_a_letter(\"apple pi e \") ➞ False\n    check_if_last_char_is_a_letter(\"\") ➞ False \n    '''\n    \n    # Strip any trailing whitespace from the string\n    txt = txt.rstrip()\n    \n    # Check if the string is empty after stripping\n    if not txt:\n        return False\n    \n    # Get the last character of the string\n    last_char = txt[-1]\n    \n    # Check if the last character is an alphabetical character\n    if last_char.isalpha():\n        # Check if the last character is preceded by a space\n        if len(txt) == 1 or txt[-2] == ' ':\n            return True\n        else:\n            return False\n    else:\n        return False.\n Test: def check(candidate):\n\n    # Check some simple cases\n    assert candidate(\"apple\") == False\n    assert candidate(\"apple pi e\") == True\n    assert candidate(\"eeeee\") == False\n    assert candidate(\"A\") == True\n    assert candidate(\"Pumpkin pie \") == False\n    assert candidate(\"Pumpkin pie 1\") == False\n    assert candidate(\"\") == False\n    assert candidate(\"eeeee e \") == False\n    assert candidate(\"apple pie\") == False\n    assert candidate(\"apple pi e \") == False\n\n    # Check some edge cases that are easy to work out by hand.\n    assert True\n\n\nCorrect Solution:\ndef check_if_last_char_is_a_letter(params you should put here):\n\n \n    check = txt.split(' ')[-1]\n    return True if len(check) == 1 and (97 <= ord(check.lower()) <= 122) else False\n",
        "model_output": "def check_if_last_char_is_a_letter(txt):\n    '''\n    Create a function that returns True if the last character\n    of a given string is an alphabetical character and is not\n    part of a word, and False otherwise.\n    Note: \"word\" is a group of characters separated by space.\n\n    Examples:\n    check_if_last_char_is_a_letter(\"apple pie\") ➞ False\n    check_if_last_char_is_a_letter(\"apple pi e\") ➞ True\n    check_if_last_char_is_a_letter(\"apple pi e \") ➞ False\n    check_if_last_char_is_a_letter(\"\") ➞ False \n    '''\n    \n    # Strip any trailing whitespace from the string\n    txt = txt.rstrip()\n    \n    # Check if the string is empty after stripping\n    if not txt:\n        return False\n    \n    # Get the last character of the string\n    last_char = txt[-1]\n    \n    # Check if the last character is an alphabetical character\n    if last_char.isalpha():\n        # Check if the last character is preceded by a space\n        if len(txt) == 1 or txt[-2] == ' ':\n            return True\n        else:\n            return False\n    else:\n        return False",
        "extracted_output": 0.0,
        "extract_answer_code": "None"
    }
]