[
    {
        "round": 1,
        "score": 0.09090909090909091,
        "avg_cost": 0,
        "total_cost": 0,
        "token": 0,
        "time": "2025-10-07T05:30:27.096643"
    },
    {
        "round": 1,
        "score": 0.8409090909090909,
        "avg_cost": 0,
        "total_cost": 0,
        "token": "nan",
        "time": "2025-10-08T06:32:07.926497"
    },
    {
        "round": 1,
        "score": 0.7954545454545454,
        "avg_cost": 0,
        "total_cost": 0,
        "token": "nan",
        "time": "2025-10-29T01:49:02.023600"
    },
    {
        "round": 1,
        "score": 0.9318181818181818,
        "avg_cost": 0,
        "total_cost": 0,
        "token": "nan",
        "time": "2025-10-29T07:33:21.804382"
    }
]